dstrick2d,Everlaw,rejected,4/7/18,online,5/20/18,5/4/18
rwillshire1y,Google,rejected,3/7/18,online,7/18/18,9/27/17
vfullalove1p,Google,rejected,8/28/17,online,8/11/17,1/2/18
cmallabund23,Google,applied,2/24/18,online,,
eperis1h,Google,offer ,9/8/17,campus,3/12/18,9/23/17
rjoburn1,Youtube,rejected,7/20/18,online,12/13/17,3/21/18
jpunt1c,Bloomberg,offer ,7/12/18,online,7/18/18,1/8/18
cpasquale1t,Microsoft,interviewing,11/14/17,referral,2/1/18,9/30/17
jpunt1c,Google,offer ,7/12/18,campus,7/18/18,1/8/18
knicholls1k,Microsoft,interviewing,3/28/18,referral,12/20/17,10/13/17
rmargett3,Adobe,applied,5/15/18,campus,,
athurling1m,Google,rejected,12/1/17,online,5/16/18,7/11/18
eperis1h,Bloomberg,offer ,9/8/17,online,3/12/18,9/23/17
kfink2i,Facebook,applied,10/21/17,online,,
sbattenu,Google,offer ,9/14/17,campus,11/16/17,11/5/17
lstriblingg,Google,interviewing,3/18/18,campus,3/7/18,3/13/18
mniche16,Google,offer ,7/24/18,campus,3/31/18,7/8/18
emacanellyes,Bloomberg,interviewing,12/23/17,online,11/10/17,12/17/17
tolijve15,Spotify,interviewing,8/31/17,referral,9/20/17,1/21/18
wturbefieldf,Amazon,applied,3/30/18,online,,
cspringell19,Bloomberg,offer ,4/23/18,online,2/17/18,9/30/17
emacanellyes,Spotify,interviewing,12/23/17,referral,11/10/17,12/17/17
shubbucke2k,Apple,offer ,3/28/18,online,6/23/18,11/22/17
kcarassc,Amazon,applied,8/7/17,online,,
mbrownsill1o,Google,rejected,9/2/17,online,8/7/17,4/17/18
stolfrey1g,Linkedin,interviewing,7/31/17,online,8/9/17,3/27/18
dprate1i,Bloomberg,offer ,12/23/17,online,5/28/18,4/21/18
wkalberer1z,Apple,offer ,10/20/17,online,7/28/18,2/11/18
badamovskyb,Facebook,applied,4/17/18,online,,
sstockin0,Everlaw,applied,9/8/17,online,,
lstriblingg,Amazon,applied,3/18/18,online,,
ecubind,Youtube,applied,6/18/18,referral,,
gchesselv,Youtube,applied,1/17/18,referral,,
ctellenbachh,Adobe,applied,5/29/18,campus,,
hsturrock18,Spotify,interviewing,4/12/18,online,6/6/18,12/25/17
mslany2p,Everlaw,rejected,10/7/17,online,11/29/17,5/6/18
cweddell2c,Twitter,offer ,4/20/18,online,8/12/17,11/1/17
mdeferraris14,Youtube,applied,1/9/18,referral,,
kcarassc,Google,interviewing,8/7/17,referral,2/20/18,2/1/18
jdudill4,Amazon,applied,7/13/18,online,,
okuhnel1v,Google,rejected,9/1/17,online,7/20/18,4/28/18
ahurry17,Spotify,interviewing,1/10/18,online,8/27/17,4/10/18
dcraighall1x,Microsoft,interviewing,12/26/17,online,2/20/18,8/17/17
mcheccucci24,Everlaw,offer ,7/30/18,online,8/27/17,1/31/18
okuhnel1v,Yelp,offer ,9/1/17,online,7/20/18,4/28/18
dphilotta,Youtube,rejected,9/13/17,referral,12/3/17,12/9/17
mhallew,Bloomberg,interviewing,6/28/18,online,3/24/18,7/15/18
jpunt1c,Linkedin,interviewing,7/12/18,online,7/18/18,1/8/18
cweddell2c,Google,applied,4/20/18,online,,
sransomx,Spotify,interviewing,11/30/17,referral,1/26/18,8/23/17
whedingham2q,Facebook,applied,1/11/18,online,,
agunteri,Amazon,applied,12/24/17,online,,
emacanellyes,Youtube,applied,12/23/17,referral,,
mbrownsill1o,Apple,interviewing,9/2/17,online,8/7/17,4/17/18
emacanellyes,Google,offer ,12/23/17,campus,11/10/17,12/17/17
rjewers2f,Apple,offer ,5/11/18,online,8/8/17,10/23/17
glewerenz11,Spotify,interviewing,5/10/18,referral,7/29/18,9/1/17
scristofol1d,Bloomberg,offer ,5/24/18,online,12/13/17,1/23/18
wkalberer1z,Microsoft,interviewing,10/20/17,online,7/28/18,2/11/18
mperdue1j,Yelp,offer ,8/8/17,online,7/29/18,8/14/17
iberrigan1f,Bloomberg,offer ,9/18/17,online,7/6/18,7/29/18
cembery2o,Facebook,applied,2/4/18,online,,
wsalsbergz,Spotify,interviewing,6/17/18,referral,9/26/17,7/24/18
whedingham2q,Twitter,offer ,1/11/18,online,11/26/17,11/29/17
jstyle2,Everlaw,applied,12/8/17,online,,
ebendelow2l,Twitter,offer ,12/10/17,online,10/27/17,1/19/18
vfullalove1p,Snapchat,offer ,8/28/17,online,8/11/17,1/2/18
jpunt1c,Yelp,interviewing,7/12/18,online,7/18/18,1/8/18
jschwier9,Facebook,applied,5/6/18,online,,
knicholls1k,Linkedin,interviewing,3/28/18,online,12/20/17,10/13/17
jschwier9,Adobe,applied,5/6/18,campus,,
tdolle27,Google,applied,7/15/18,online,,
hsturrock18,Microsoft,applied,4/12/18,referral,,
eperis1h,Microsoft,interviewing,9/8/17,referral,3/12/18,9/23/17
ebendelow2l,Facebook,applied,12/10/17,online,,
lblackney12,Linkedin,applied,11/12/17,online,,
nscatchar2b,Google,applied,7/21/18,online,,
mmumford2j,Cisco,applied,5/24/18,online,,
ajedrasik10,Google,offer ,9/15/17,campus,8/11/17,5/14/18
wkalberer1z,Google,rejected,10/20/17,online,7/28/18,2/11/18
sstockin0,Apple,rejected,9/8/17,online,12/9/17,5/16/18
erodder1s,Snapchat,offer ,6/1/18,online,8/3/17,12/18/17
tkillock1r,Microsoft,interviewing,5/25/18,referral,11/15/17,11/24/17
holney25,Apple,offer ,9/29/17,online,11/6/17,11/20/17
bgregor1w,Snapchat,offer ,9/19/17,online,6/28/18,8/31/17
scristofol1d,Microsoft,applied,5/24/18,referral,,
dstrick2d,Cisco,applied,4/7/18,online,,
whedingham2q,Cisco,applied,1/11/18,online,,
jcatterello,Facebook,interviewing,5/1/18,online,7/27/18,11/27/17
sransomx,Linkedin,applied,11/30/17,online,,
rmargett3,Youtube,rejected,5/15/18,online,10/30/17,11/5/17
mcheccucci24,Snapchat,rejected,7/30/18,online,8/27/17,1/31/18
dmcallan1u,Snapchat,offer ,5/1/18,online,7/13/18,6/8/18
mhallew,Linkedin,applied,6/28/18,online,,
cembery2o,Everlaw,rejected,2/4/18,online,5/8/18,4/10/18
hsturrock18,Google,offer ,4/12/18,campus,6/6/18,12/25/17
jdudill4,Youtube,rejected,7/13/18,referral,7/11/18,8/27/17
tkillock1r,Apple,offer ,5/25/18,online,11/15/17,11/24/17
celstubp,Spotify,applied,8/2/17,referral,,
ntawn28,Google,applied,12/28/17,online,,
kcuel5,Youtube,rejected,10/4/17,referral,7/5/18,7/12/18
mperdue1j,Microsoft,interviewing,8/8/17,referral,7/29/18,8/14/17
erodder1s,Microsoft,interviewing,6/1/18,referral,8/3/17,12/18/17
mbulgen1l,Google,offer ,1/3/18,online,12/23/17,1/3/18
gwardlaw13,Linkedin,interviewing,12/29/17,online,2/14/18,10/29/17
gwardlaw13,Bloomberg,offer ,12/29/17,online,2/14/18,10/29/17
stippin1q,Google,rejected,2/4/18,online,11/16/17,8/16/17
ecubind,Adobe,applied,6/18/18,campus,,
wturbefieldf,Adobe,applied,3/30/18,campus,,
aobalk,Facebook,interviewing,5/7/18,online,6/17/18,8/28/17
cembery2o,Twitter,offer ,2/4/18,online,5/8/18,4/10/18
easpinelln,Amazon,applied,11/12/17,online,,
jdudill4,Google,interviewing,7/13/18,referral,7/11/18,8/27/17
dcarling8,Amazon,applied,10/24/17,online,,
vlatimer20,Yelp,offer ,12/23/17,online,12/8/17,3/7/18
tolijve15,Bloomberg,offer ,8/31/17,online,9/20/17,1/21/18
cweddell2c,Apple,offer ,4/20/18,online,8/12/17,11/1/17
ebendelow2l,Apple,offer ,12/10/17,online,10/27/17,1/19/18
mmulcahy2n,Twitter,offer ,5/3/18,online,6/1/18,3/12/18
dcisec1e,Bloomberg,offer ,7/29/18,online,3/24/18,12/21/17
glewerenz11,Google,offer ,5/10/18,campus,7/29/18,9/1/17
sstockin0,Cisco,applied,9/8/17,online,,
mslany2p,Twitter,offer ,10/7/17,online,11/29/17,5/6/18
jmoroney2g,Apple,offer ,10/6/17,online,8/28/17,5/29/18
rwillshire1y,Microsoft,interviewing,3/7/18,online,7/18/18,9/27/17
aobalk,Amazon,applied,5/7/18,online,,
athurling1m,Microsoft,interviewing,12/1/17,referral,5/16/18,7/11/18
nscatchar2b,Everlaw,offer ,7/21/18,online,5/22/18,8/18/17
celstubp,Youtube,applied,8/2/17,referral,,
vfullalove1p,Microsoft,interviewing,8/28/17,referral,8/11/17,1/2/18
nscatchar2b,Cisco,rejected,7/21/18,online,5/22/18,8/18/17
easpinelln,Spotify,applied,11/12/17,referral,,
nscatchar2b,Apple,offer ,7/21/18,online,5/22/18,8/18/17
eisaaksohn2h,Cisco,applied,6/16/18,online,,
wsalsbergz,Google,offer ,6/17/18,campus,9/26/17,7/24/18
mmumford2j,Facebook,applied,5/24/18,online,,
dcisec1e,Microsoft,applied,7/29/18,referral,,
dcarling8,Adobe,applied,10/24/17,campus,,
lblackney12,Youtube,applied,11/12/17,referral,,
jarckoll21,Apple,offer ,11/12/17,online,1/29/18,11/10/17
glewerenz11,Linkedin,applied,5/10/18,online,,
cschouthede22,Snapchat,rejected,12/21/17,online,7/27/18,5/28/18
pbatchelder2r,Everlaw,applied,7/24/18,online,,
dhouselee1a,Microsoft,applied,7/14/18,referral,,
whedingham2q,Apple,rejected,1/11/18,online,11/26/17,11/29/17
jarckoll21,Everlaw,offer ,11/12/17,online,1/29/18,11/10/17
cschouthede22,Google,applied,12/21/17,online,,
ntawn28,Snapchat,rejected,12/28/17,online,10/16/17,8/25/17
holney25,Google,applied,9/29/17,online,,
mmulcahy2n,Apple,offer ,5/3/18,online,6/1/18,3/12/18
jpunt1c,Microsoft,applied,7/12/18,referral,,
ecubind,Facebook,interviewing,6/18/18,online,1/21/18,4/9/18
mslany2p,Apple,rejected,10/7/17,online,11/29/17,5/6/18
ajedrasik10,Youtube,applied,9/15/17,referral,,
iberrigan1f,Linkedin,interviewing,9/18/17,online,7/6/18,7/29/18
fwalework2a,Apple,offer ,1/3/18,online,5/6/18,11/10/17
dmcallan1u,Apple,offer ,5/1/18,online,7/13/18,6/8/18
iberrigan1f,Yelp,offer ,9/18/17,online,7/6/18,7/29/18
lmacclintone,Adobe,applied,9/26/17,campus,,
hsturrock18,Linkedin,interviewing,4/12/18,online,6/6/18,12/25/17
kfink2i,Everlaw,rejected,10/21/17,online,6/29/18,8/26/17
wturbefieldf,Facebook,interviewing,3/30/18,online,5/22/18,8/19/17
mmulcahy2n,Facebook,applied,5/3/18,online,,
stippin1q,Apple,offer ,2/4/18,online,11/16/17,8/16/17
vlatimer20,Microsoft,interviewing,12/23/17,online,12/8/17,3/7/18
wkalberer1z,Yelp,offer ,10/20/17,online,7/28/18,2/11/18
ethaxtonq,Spotify,interviewing,6/14/18,referral,1/18/18,6/9/18
cjeaycockm,Spotify,applied,3/16/18,referral,,
ddionisii2e,Twitter,offer ,10/18/17,online,3/12/18,9/11/17
sstockin0,Facebook,applied,9/8/17,online,,
dwyatt6,Amazon,applied,4/9/18,online,,
dstrick2d,Twitter,offer ,4/7/18,online,5/20/18,5/4/18
dcarling8,Google,interviewing,10/24/17,referral,5/29/18,10/20/17
jcatterello,Spotify,applied,5/1/18,referral,,
tolijve15,Microsoft,applied,8/31/17,referral,,
celstubp,Google,offer ,8/2/17,campus,2/4/18,4/30/18
dphilotta,Google,interviewing,9/13/17,referral,12/3/17,12/9/17
dcarling8,Facebook,applied,10/24/17,online,,
mperdue1j,Google,offer ,8/8/17,campus,7/29/18,8/14/17
npenella26,Everlaw,offer ,4/13/18,online,10/25/17,1/1/18
gmaccallum1b,Linkedin,interviewing,10/10/17,online,3/22/18,4/17/18
slockner2m,Apple,offer ,10/4/17,online,10/1/17,7/29/18
mperdue1j,Linkedin,interviewing,8/8/17,online,7/29/18,8/14/17
ethaxtonq,Google,offer ,6/14/18,campus,1/18/18,6/9/18
glewerenz11,Youtube,applied,5/10/18,referral,,
ajedrasik10,Linkedin,applied,9/15/17,online,,
mmulcahy2n,Everlaw,rejected,5/3/18,online,6/1/18,3/12/18
ctellenbachh,Google,interviewing,5/29/18,campus,5/11/18,5/3/18
knicholls1k,Bloomberg,offer ,3/28/18,online,12/20/17,10/13/17
cmallabund23,Everlaw,offer ,2/24/18,online,1/24/18,12/23/17
sransomx,Google,offer ,11/30/17,campus,1/26/18,8/23/17
wkalberer1z,Snapchat,rejected,10/20/17,online,7/28/18,2/11/18
kcuel5,Facebook,applied,10/4/17,online,,
ctellenbachh,Facebook,interviewing,5/29/18,online,5/11/18,5/3/18
dcudiff29,Google,applied,4/11/18,online,,
hlowyl,Adobe,applied,12/12/17,referral,,
mniche16,Linkedin,interviewing,7/24/18,online,3/31/18,7/8/18
dprate1i,Linkedin,interviewing,12/23/17,online,5/28/18,4/21/18
dstrick2d,Google,applied,4/7/18,online,,
gchesselv,Spotify,interviewing,1/17/18,referral,4/12/18,4/29/18
cembery2o,Apple,offer ,2/4/18,online,5/8/18,4/10/18
eperis1h,Linkedin,interviewing,9/8/17,online,3/12/18,9/23/17
lstriblingg,Adobe,applied,3/18/18,campus,,
hlowyl,Amazon,applied,12/12/17,online,,
aobalk,Youtube,applied,5/7/18,referral,,
rjoburn1,Everlaw,applied,7/20/18,online,,
rjewers2f,Twitter,offer ,5/11/18,online,8/8/17,10/23/17
jarckoll21,Google,applied,11/12/17,online,,
cweddell2c,Cisco,rejected,4/20/18,online,8/12/17,11/1/17
jmoroney2g,Cisco,applied,10/6/17,online,,
agunteri,Facebook,interviewing,12/24/17,online,5/26/18,7/17/18
dcudiff29,Apple,offer ,4/11/18,online,12/31/17,10/25/17
gchesselv,Google,offer ,1/17/18,campus,4/12/18,4/29/18
dmcallan1u,Google,rejected,5/1/18,online,7/13/18,6/8/18
dcudiff29,Twitter,offer ,4/11/18,online,12/31/17,10/25/17
jmoroney2g,Facebook,applied,10/6/17,online,,
rwillshire1y,Snapchat,offer ,3/7/18,online,7/18/18,9/27/17
npenella26,Apple,offer ,4/13/18,online,10/25/17,1/1/18
mcheccucci24,Microsoft,offer ,7/30/18,online,8/27/17,1/31/18
jschwier9,Google,interviewing,5/6/18,referral,3/31/18,1/17/18
jmoroney2g,Everlaw,rejected,10/6/17,online,8/28/17,5/29/18
dprate1i,Microsoft,interviewing,12/23/17,referral,5/28/18,4/21/18
rjoburn1,Facebook,applied,7/20/18,online,,
ahurry17,Linkedin,interviewing,1/10/18,online,8/27/17,4/10/18
mhallew,Youtube,applied,6/28/18,referral,,
dstrick2d,Apple,offer ,4/7/18,online,5/20/18,5/4/18
knicholls1k,Google,offer ,3/28/18,campus,12/20/17,10/13/17
cweddell2c,Everlaw,rejected,4/20/18,online,8/12/17,11/1/17
whedingham2q,Everlaw,applied,1/11/18,online,,
ahurry17,Google,offer ,1/10/18,campus,8/27/17,4/10/18
dhouselee1a,Linkedin,interviewing,7/14/18,online,10/26/17,7/14/18
easpinelln,Google,offer ,11/12/17,campus,8/28/17,10/10/17
npenella26,Twitter,offer ,4/13/18,online,10/25/17,1/1/18
jstyle2,Adobe,applied,12/8/17,campus,,
sstockin0,Google,interviewing,9/8/17,referral,12/9/17,5/16/18
fthalt,Spotify,interviewing,12/8/17,referral,4/7/18,8/28/17
celstubp,Amazon,applied,8/2/17,online,,
cschouthede22,Everlaw,offer ,12/21/17,online,7/27/18,5/28/18
rmargett3,Everlaw,applied,5/15/18,online,,
wturbefieldf,Google,interviewing,3/30/18,campus,5/22/18,8/19/17
dwyatt6,Youtube,rejected,4/9/18,referral,12/28/17,8/27/17
dmcallan1u,Microsoft,interviewing,5/1/18,referral,7/13/18,6/8/18
ngreggor1n,Google,rejected,9/27/17,online,1/20/18,7/15/18
stolfrey1g,Microsoft,interviewing,7/31/17,referral,8/9/17,3/27/18
tdolle27,Apple,offer ,7/15/18,online,11/9/17,8/22/17
rwillshire1y,Yelp,offer ,3/7/18,online,7/18/18,9/27/17
jstyle2,Google,interviewing,12/8/17,referral,7/27/18,3/30/18
ngreggor1n,Yelp,offer ,9/27/17,online,1/20/18,7/15/18
aobalk,Google,interviewing,5/7/18,campus,6/17/18,8/28/17
cschouthede22,Microsoft,interviewing,12/21/17,online,7/27/18,5/28/18
cjeaycockm,Google,interviewing,3/16/18,campus,4/4/18,5/28/18
npenella26,Google,applied,4/13/18,online,,
dprate1i,Yelp,offer ,12/23/17,online,5/28/18,4/21/18
tolijve15,Google,offer ,8/31/17,campus,9/20/17,1/21/18
nravenhills7,Amazon,applied,12/14/17,online,,
mdeferraris14,Bloomberg,offer ,1/9/18,online,6/7/18,1/1/18
jdudill4,Facebook,applied,7/13/18,online,,
cpasquale1t,Yelp,offer ,11/14/17,online,2/1/18,9/30/17
kcuel5,Google,interviewing,10/4/17,referral,7/5/18,7/12/18
mniche16,Spotify,interviewing,7/24/18,referral,3/31/18,7/8/18
stippin1q,Snapchat,offer ,2/4/18,online,11/16/17,8/16/17
badamovskyb,Google,interviewing,4/17/18,referral,11/26/17,8/14/17
glewerenz11,Bloomberg,offer ,5/10/18,online,7/29/18,9/1/17
ebendelow2l,Everlaw,rejected,12/10/17,online,10/27/17,1/19/18
nravenhills7,Youtube,rejected,12/14/17,referral,11/20/17,12/23/17
mmumford2j,Apple,offer ,5/24/18,online,12/13/17,11/1/17
erodder1s,Apple,offer ,6/1/18,online,8/3/17,12/18/17
cpasquale1t,Apple,offer ,11/14/17,online,2/1/18,9/30/17
rjoburn1,Adobe,applied,7/20/18,campus,,
gwardlaw13,Youtube,applied,12/29/17,referral,,
agunteri,Youtube,applied,12/24/17,referral,,
scristofol1d,Linkedin,interviewing,5/24/18,online,12/13/17,1/23/18
rjewers2f,Cisco,applied,5/11/18,online,,
gmaccallum1b,Bloomberg,offer ,10/10/17,online,3/22/18,4/17/18
cmallabund23,Microsoft,offer ,2/24/18,online,1/24/18,12/23/17
cpasquale1t,Snapchat,offer ,11/14/17,online,2/1/18,9/30/17
ngreggor1n,Microsoft,interviewing,9/27/17,referral,1/20/18,7/15/18
dwyatt6,Facebook,applied,4/9/18,online,,
vlatimer20,Google,applied,12/23/17,online,,
shubbucke2k,Cisco,applied,3/28/18,online,,
sbattenu,Spotify,interviewing,9/14/17,referral,11/16/17,11/5/17
kcarassc,Youtube,applied,8/7/17,referral,,
holney25,Snapchat,rejected,9/29/17,online,11/6/17,11/20/17
ddionisii2e,Everlaw,rejected,10/18/17,online,3/12/18,9/11/17
mniche16,Microsoft,applied,7/24/18,referral,,
dcisec1e,Linkedin,interviewing,7/29/18,online,3/24/18,12/21/17
tkillock1r,Yelp,offer ,5/25/18,online,11/15/17,11/24/17
mmumford2j,Everlaw,rejected,5/24/18,online,12/13/17,11/1/17
rgengej,Adobe,applied,9/5/17,referral,,
gwardlaw13,Spotify,interviewing,12/29/17,referral,2/14/18,10/29/17
mbrownsill1o,Yelp,offer ,9/2/17,online,8/7/17,4/17/18
mbulgen1l,Bloomberg,offer ,1/3/18,online,12/23/17,1/3/18
lblackney12,Bloomberg,offer ,11/12/17,online,8/16/17,9/3/17
ntawn28,Apple,offer ,12/28/17,online,10/16/17,8/25/17
rmargett3,Google,interviewing,5/15/18,referral,10/30/17,11/5/17
rgengej,Amazon,applied,9/5/17,online,,
athurling1m,Linkedin,interviewing,12/1/17,online,5/16/18,7/11/18
mdeferraris14,Linkedin,interviewing,1/9/18,online,6/7/18,1/1/18
cschouthede22,Apple,offer ,12/21/17,online,7/27/18,5/28/18
iberrigan1f,Google,offer ,9/18/17,campus,7/6/18,7/29/18
dwyatt6,Adobe,applied,4/9/18,campus,,
bgregor1w,Yelp,offer ,9/19/17,online,6/28/18,8/31/17
shubbucke2k,Facebook,applied,3/28/18,online,,
pbatchelder2r,Apple,rejected,7/24/18,online,3/2/18,3/23/18
fthalt,Google,offer ,12/8/17,campus,4/7/18,8/28/17
fwalework2a,Google,applied,1/3/18,online,,
vlatimer20,Snapchat,rejected,12/23/17,online,12/8/17,3/7/18
dcarling8,Youtube,rejected,10/24/17,referral,5/29/18,10/20/17
ethaxtonq,Bloomberg,interviewing,6/14/18,online,1/18/18,6/9/18
cspringell19,Microsoft,applied,4/23/18,referral,,
gchesselv,Linkedin,applied,1/17/18,online,,
cspringell19,Spotify,interviewing,4/23/18,online,2/17/18,9/30/17
hlowyl,Youtube,applied,12/12/17,referral,,
dphilotta,Facebook,applied,9/13/17,online,,
dwyatt6,Google,interviewing,4/9/18,referral,12/28/17,8/27/17
okuhnel1v,Snapchat,offer ,9/1/17,online,7/20/18,4/28/18
eisaaksohn2h,Apple,offer ,6/16/18,online,12/7/17,6/5/18
cjeaycockm,Facebook,interviewing,3/16/18,online,4/4/18,5/28/18
kcarassc,Facebook,applied,8/7/17,online,,
dcraighall1x,Yelp,offer ,12/26/17,online,2/20/18,8/17/17
fwalework2a,Everlaw,offer ,1/3/18,online,5/6/18,11/10/17
npenella26,Snapchat,rejected,4/13/18,online,10/25/17,1/1/18
lstriblingg,Facebook,interviewing,3/18/18,online,3/7/18,3/13/18
badamovskyb,Adobe,applied,4/17/18,campus,,
dhouselee1a,Bloomberg,offer ,7/14/18,online,10/26/17,7/14/18
easpinelln,Youtube,applied,11/12/17,referral,,
stolfrey1g,Bloomberg,offer ,7/31/17,online,8/9/17,3/27/18
scristofol1d,Google,offer ,5/24/18,campus,12/13/17,1/23/18
scristofol1d,Yelp,offer ,5/24/18,online,12/13/17,1/23/18
mbulgen1l,Yelp,offer ,1/3/18,online,12/23/17,1/3/18
nscatchar2b,Twitter,offer ,7/21/18,online,5/22/18,8/18/17
easpinelln,Facebook,interviewing,11/12/17,online,8/28/17,10/10/17
nravenhills7,Facebook,applied,12/14/17,online,,
ethaxtonq,Youtube,applied,6/14/18,referral,,
bgregor1w,Google,rejected,9/19/17,online,6/28/18,8/31/17
sbattenu,Linkedin,applied,9/14/17,online,,
vfullalove1p,Apple,interviewing,8/28/17,online,8/11/17,1/2/18
ddionisii2e,Apple,offer ,10/18/17,online,3/12/18,9/11/17
gwardlaw13,Google,offer ,12/29/17,campus,2/14/18,10/29/17
ajedrasik10,Spotify,interviewing,9/15/17,referral,8/11/17,5/14/18
vbodegay,Bloomberg,interviewing,5/12/18,online,8/31/17,9/6/17
shubbucke2k,Everlaw,rejected,3/28/18,online,6/23/18,11/22/17
dcraighall1x,Snapchat,offer ,12/26/17,online,2/20/18,8/17/17
ddionisii2e,Google,applied,10/18/17,online,,
gchesselv,Bloomberg,interviewing,1/17/18,online,4/12/18,4/29/18
vbodegay,Linkedin,applied,5/12/18,online,,
kcarassc,Adobe,applied,8/7/17,campus,,
rgengej,Google,interviewing,9/5/17,campus,3/13/18,6/20/18
cjeaycockm,Youtube,applied,3/16/18,referral,,
eperis1h,Yelp,offer ,9/8/17,online,3/12/18,9/23/17
jmoroney2g,Twitter,offer ,10/6/17,online,8/28/17,5/29/18
rgengej,Youtube,applied,9/5/17,referral,,
jeberleinr,Google,offer ,10/2/17,campus,5/10/18,8/5/17
dhouselee1a,Google,offer ,7/14/18,campus,10/26/17,7/14/18
eisaaksohn2h,Facebook,applied,6/16/18,online,,
stolfrey1g,Yelp,offer ,7/31/17,online,8/9/17,3/27/18
vfullalove1p,Yelp,offer ,8/28/17,online,8/11/17,1/2/18
jschwier9,Youtube,rejected,5/6/18,referral,3/31/18,1/17/18
cmallabund23,Snapchat,rejected,2/24/18,online,1/24/18,12/23/17
jstyle2,Facebook,applied,12/8/17,online,,
aobalk,Adobe,applied,5/7/18,referral,,
cmallabund23,Apple,offer ,2/24/18,online,1/24/18,12/23/17
mniche16,Bloomberg,offer ,7/24/18,online,3/31/18,7/8/18
jarckoll21,Microsoft,interviewing,11/12/17,online,1/29/18,11/10/17
dhouselee1a,Spotify,interviewing,7/14/18,online,10/26/17,7/14/18
mmulcahy2n,Cisco,applied,5/3/18,online,,
lmacclintone,Youtube,applied,9/26/17,referral,,
ethaxtonq,Amazon,applied,6/14/18,online,,
dphilotta,Amazon,applied,9/13/17,online,,
hsturrock18,Bloomberg,offer ,4/12/18,online,6/6/18,12/25/17
ddionisii2e,Cisco,applied,10/18/17,online,,
hlowyl,Facebook,interviewing,12/12/17,online,11/10/17,10/20/17
nravenhills7,Google,interviewing,12/14/17,referral,11/20/17,12/23/17
mbrownsill1o,Microsoft,interviewing,9/2/17,referral,8/7/17,4/17/18
rgengej,Facebook,interviewing,9/5/17,online,3/13/18,6/20/18
mmumford2j,Twitter,offer ,5/24/18,online,12/13/17,11/1/17
lmacclintone,Facebook,interviewing,9/26/17,online,1/12/18,9/12/17
rjewers2f,Everlaw,rejected,5/11/18,online,8/8/17,10/23/17
mdeferraris14,Google,offer ,1/9/18,campus,6/7/18,1/1/18
dcraighall1x,Apple,offer ,12/26/17,online,2/20/18,8/17/17
pbatchelder2r,Cisco,applied,7/24/18,online,,
vlatimer20,Apple,offer ,12/23/17,online,12/8/17,3/7/18
mcheccucci24,Apple,offer ,7/30/18,online,8/27/17,1/31/18
vbodegay,Youtube,applied,5/12/18,referral,,
celstubp,Facebook,interviewing,8/2/17,online,2/4/18,4/30/18
dmcallan1u,Yelp,offer ,5/1/18,online,7/13/18,6/8/18
lblackney12,Google,offer ,11/12/17,campus,8/16/17,9/3/17
slockner2m,Twitter,offer ,10/4/17,online,10/1/17,7/29/18
dcisec1e,Yelp,offer ,7/29/18,online,3/24/18,12/21/17
dprate1i,Google,offer ,12/23/17,campus,5/28/18,4/21/18
kcuel5,Adobe,applied,10/4/17,campus,,
jeberleinr,Youtube,applied,10/2/17,referral,,
fwalework2a,Cisco,rejected,1/3/18,online,5/6/18,11/10/17
mbulgen1l,Linkedin,interviewing,1/3/18,online,12/23/17,1/3/18
wsalsbergz,Youtube,applied,6/17/18,referral,,
gmaccallum1b,Microsoft,applied,10/10/17,referral,,
sransomx,Youtube,applied,11/30/17,referral,,
jdudill4,Adobe,applied,7/13/18,campus,,
eisaaksohn2h,Twitter,offer ,6/16/18,online,12/7/17,6/5/18
vbodegay,Spotify,interviewing,5/12/18,referral,8/31/17,9/6/17
dcudiff29,Everlaw,offer ,4/11/18,online,12/31/17,10/25/17
jeberleinr,Spotify,interviewing,10/2/17,referral,5/10/18,8/5/17
vbodegay,Google,offer ,5/12/18,campus,8/31/17,9/6/17
pbatchelder2r,Facebook,applied,7/24/18,online,,
ctellenbachh,Youtube,applied,5/29/18,referral,,
ebendelow2l,Cisco,applied,12/10/17,online,,
dphilotta,Adobe,applied,9/13/17,campus,,
badamovskyb,Youtube,applied,4/17/18,referral,,
okuhnel1v,Microsoft,interviewing,9/1/17,referral,7/20/18,4/28/18
tdolle27,Snapchat,rejected,7/15/18,online,11/9/17,8/22/17
slockner2m,Everlaw,rejected,10/4/17,online,10/1/17,7/29/18
dcudiff29,Snapchat,rejected,4/11/18,online,12/31/17,10/25/17
sbattenu,Bloomberg,interviewing,9/14/17,online,11/16/17,11/5/17
sbattenu,Youtube,applied,9/14/17,referral,,
cembery2o,Cisco,applied,2/4/18,online,,
agunteri,Adobe,applied,12/24/17,campus,,
tolijve15,Linkedin,interviewing,8/31/17,online,9/20/17,1/21/18
emacanellyes,Linkedin,applied,12/23/17,online,,
mbulgen1l,Microsoft,interviewing,1/3/18,referral,12/23/17,1/3/18
kfink2i,Twitter,offer ,10/21/17,online,6/29/18,8/26/17
erodder1s,Yelp,offer ,6/1/18,online,8/3/17,12/18/17
mslany2p,Cisco,applied,10/7/17,online,,
mdeferraris14,Spotify,interviewing,1/9/18,referral,6/7/18,1/1/18
wturbefieldf,Youtube,applied,3/30/18,referral,,
jarckoll21,Snapchat,rejected,11/12/17,online,1/29/18,11/10/17
bgregor1w,Microsoft,interviewing,9/19/17,online,6/28/18,8/31/17
rjewers2f,Facebook,applied,5/11/18,online,,
wsalsbergz,Bloomberg,interviewing,6/17/18,online,9/26/17,7/24/18
athurling1m,Snapchat,offer ,12/1/17,online,5/16/18,7/11/18
jeberleinr,Bloomberg,interviewing,10/2/17,online,5/10/18,8/5/17
cspringell19,Linkedin,interviewing,4/23/18,online,2/17/18,9/30/17
fthalt,Bloomberg,interviewing,12/8/17,online,4/7/18,8/28/17
kfink2i,Apple,offer ,10/21/17,online,6/29/18,8/26/17
ahurry17,Microsoft,applied,1/10/18,referral,,
iberrigan1f,Microsoft,applied,9/18/17,referral,,
gmaccallum1b,Spotify,interviewing,10/10/17,online,3/22/18,4/17/18
mperdue1j,Bloomberg,offer ,8/8/17,online,7/29/18,8/14/17
pbatchelder2r,Twitter,offer ,7/24/18,online,3/2/18,3/23/18
wsalsbergz,Linkedin,applied,6/17/18,online,,
jcatterello,Youtube,applied,5/1/18,referral,,
ntawn28,Twitter,offer ,12/28/17,online,10/16/17,8/25/17
mcheccucci24,Google,applied,7/30/18,online,,
tkillock1r,Google,rejected,5/25/18,online,11/15/17,11/24/17
fthalt,Linkedin,applied,12/8/17,online,,
fwalework2a,Twitter,offer ,1/3/18,online,5/6/18,11/10/17
ahurry17,Bloomberg,offer ,1/10/18,online,8/27/17,4/10/18
rmargett3,Facebook,applied,5/15/18,online,,
bgregor1w,Apple,offer ,9/19/17,online,6/28/18,8/31/17
agunteri,Google,interviewing,12/24/17,campus,5/26/18,7/17/18
holney25,Microsoft,offer ,9/29/17,online,11/6/17,11/20/17
jcatterello,Google,offer ,5/1/18,campus,7/27/18,11/27/17
nravenhills7,Adobe,applied,12/14/17,campus,,
erodder1s,Google,rejected,6/1/18,online,8/3/17,12/18/17
rwillshire1y,Apple,offer ,3/7/18,online,7/18/18,9/27/17
lblackney12,Spotify,interviewing,11/12/17,referral,8/16/17,9/3/17
slockner2m,Facebook,applied,10/4/17,online,,
mhallew,Google,offer ,6/28/18,campus,3/24/18,7/15/18
ctellenbachh,Amazon,applied,5/29/18,online,,
sransomx,Bloomberg,interviewing,11/30/17,online,1/26/18,8/23/17
athurling1m,Yelp,offer ,12/1/17,online,5/16/18,7/11/18
cjeaycockm,Amazon,applied,3/16/18,online,,
fthalt,Youtube,applied,12/8/17,referral,,
badamovskyb,Amazon,applied,4/17/18,online,,
cspringell19,Google,offer ,4/23/18,campus,2/17/18,9/30/17
mhallew,Spotify,interviewing,6/28/18,referral,3/24/18,7/15/18
dcraighall1x,Google,rejected,12/26/17,online,2/20/18,8/17/17
ecubind,Amazon,applied,6/18/18,online,,
jschwier9,Amazon,applied,5/6/18,online,,
jeberleinr,Linkedin,applied,10/2/17,online,,
kcuel5,Amazon,applied,10/4/17,online,,
ntawn28,Everlaw,offer ,12/28/17,online,10/16/17,8/25/17
dcisec1e,Google,offer ,7/29/18,campus,3/24/18,12/21/17
tdolle27,Twitter,offer ,7/15/18,online,11/9/17,8/22/17
stolfrey1g,Google,offer ,7/31/17,campus,8/9/17,3/27/18
lstriblingg,Youtube,applied,3/18/18,referral,,
kfink2i,Cisco,applied,10/21/17,online,,
ngreggor1n,Snapchat,offer ,9/27/17,online,1/20/18,7/15/18
holney25,Everlaw,offer ,9/29/17,online,11/6/17,11/20/17
tdolle27,Everlaw,offer ,7/15/18,online,11/9/17,8/22/17
ajedrasik10,Bloomberg,offer ,9/15/17,online,8/11/17,5/14/18
mslany2p,Facebook,applied,10/7/17,online,,
eisaaksohn2h,Everlaw,rejected,6/16/18,online,12/7/17,6/5/18
stippin1q,Yelp,offer ,2/4/18,online,11/16/17,8/16/17
shubbucke2k,Twitter,offer ,3/28/18,online,6/23/18,11/22/17
stippin1q,Microsoft,interviewing,2/4/18,referral,11/16/17,8/16/17
gmaccallum1b,Google,offer ,10/10/17,campus,3/22/18,4/17/18
lmacclintone,Amazon,applied,9/26/17,online,,
ecubind,Google,interviewing,6/18/18,campus,1/21/18,4/9/18
jstyle2,Youtube,rejected,12/8/17,online,7/27/18,3/30/18
hlowyl,Google,interviewing,12/12/17,campus,11/10/17,10/20/17
tkillock1r,Snapchat,offer ,5/25/18,online,11/15/17,11/24/17
rjoburn1,Google,interviewing,7/20/18,referral,12/13/17,3/21/18
ngreggor1n,Linkedin,interviewing,9/27/17,online,1/20/18,7/15/18
slockner2m,Cisco,applied,10/4/17,online,,
lmacclintone,Google,interviewing,9/26/17,campus,1/12/18,9/12/17
okuhnel1v,Apple,offer ,9/1/17,online,7/20/18,4/28/18
jcatterello,Amazon,applied,5/1/18,online,,
knicholls1k,Yelp,offer ,3/28/18,online,12/20/17,10/13/17
mbrownsill1o,Snapchat,offer ,9/2/17,online,8/7/17,4/17/18
cpasquale1t,Google,rejected,11/14/17,online,2/1/18,9/30/17